Name,Bought,Played,,,,,,,
Wii Sports,Filipe,Filipe,,,,,,,
Super Mario Bros.,Pedro,Pedro,,,,,,,
Mario Kart Wii,Filipe,,,,,,,,
Wii Sports Resort,,,,,,,,,
Pokemon Red/Pokemon Blue,Filipe,Filipe,,,,,,,
Tetris,,,,,,,,,
New Super Mario Bros.,Pedro,,,,,,,,
Wii Play,Filipe,Filipe,,,,,,,
New Super Mario Bros. Wii,,,,,,,,,
Duck Hunt,,,,,,,,,
Nintendogs,,,,,,,,,
Mario Kart DS,,,,,,,,,
Pokemon Gold/Pokemon Silver,Filipe,,,,,,,,
Wii Fit,,,,,,,,,
Wii Fit Plus,Filipe,,,,,,,,
Kinect Adventures!,Pedro,Pedro,,,,,,,
Grand Theft Auto V,,,,,,,,,
Grand Theft Auto: San Andreas,Filipe,,,,,,,,
Super Mario World,,,,,,,,,
Brain Age: Train Your Brain in Minutes a Day,,,,,,,,,
Pokemon Diamond/Pokemon Pearl,,,,,,,,,
Super Mario Land,Pedro,,,,,,,,
Super Mario Bros. 3,,,,,,,,,
Grand Theft Auto V,,,,,,,,,
Grand Theft Auto: Vice City,,,,,,,,,
Pokemon Ruby/Pokemon Sapphire,,,,,,,,,
Pokemon Black/Pokemon White,,,,,,,,,
Brain Age 2: More Training in Minutes a Day,,,,,,,,,
Gran Turismo 3: A-Spec,,,,,,,,,
Call of Duty: Modern Warfare 3,,,,,,,,,
Pokémon Yellow: Special Pikachu Edition,,,,,,,,,
Call of Duty: Black Ops,,,,,,,,,
Pokemon X/Pokemon Y,,,,,,,,,
Call of Duty: Black Ops 3,,,,,,,,,
Call of Duty: Black Ops II,,,,,,,,,
Call of Duty: Black Ops II,,,,,,,,,
Call of Duty: Modern Warfare 2,,,,,,,,,
Call of Duty: Modern Warfare 3,,,,,,,,,
Grand Theft Auto III,,,,,,,,,
Super Smash Bros. Brawl,,,,,,,,,
Call of Duty: Black Ops,,,,,,,,,
Animal Crossing: Wild World,,,,,,,,,
Mario Kart 7,Filipe,Filipe,,,,,,,
Halo 3,,,,,,,,,
Grand Theft Auto V,,,,,,,,,
Pokemon HeartGold/Pokemon SoulSilver,,,,,,,,,
Super Mario 64,Filipe,,,,,,,,
Gran Turismo 4,,,,,,,,,
Super Mario Galaxy,,,,,,,,,
Pokemon Omega Ruby/Pokemon Alpha Sapphire,Filipe,,,,,,,,
Super Mario Land 2: 6 Golden Coins,,,,,,,,,
Grand Theft Auto IV,Pedro,,,,,,,,
Gran Turismo,,,,,,,,,
Super Mario 3D Land,Filipe,,,,,,,,
Gran Turismo 5,,,,,,,,,
Call of Duty: Modern Warfare 2,,,,,,,,,
Grand Theft Auto IV,,,,,,,,,
Super Mario All-Stars,Filipe,,,,,,,,
Pokemon FireRed/Pokemon LeafGreen,,,,,,,,,
Super Mario 64,Filipe,,,,,,,,
Just Dance 3,,,,,,,,,
Call of Duty: Ghosts,,,,,,,,,
Halo: Reach,,,,,,,,,
Mario Kart 64,,,,,,,,,
New Super Mario Bros. 2,,,,,,,,,
Halo 4,,,,,,,,,
Final Fantasy VII,,,,,,,,,
Call of Duty: Ghosts,,,,,,,,,
Just Dance 2,,,,,,,,,
Gran Turismo 2,,,,,,,,,
Call of Duty 4: Modern Warfare,,,,,,,,,
Donkey Kong Country,,,,,,,,,
Minecraft,,,,,,,,,
Animal Crossing: New Leaf,,,,,,,,,
Mario Party DS,,,,,,,,,
The Elder Scrolls V: Skyrim,,,,,,,,,
Super Mario Kart,,,,,,,,,
FIFA 16,,,,,,,,,
Wii Party,,,,,,,,,
Halo 2,,,,,,,,,
Mario Party 8,,,,,,,,,
Pokemon Black 2/Pokemon White 2,,,,,,,,,
FIFA Soccer 13,,,,,,,,,
The Sims 3,,,,,,,,,
GoldenEye 007,,,,,,,,,
Mario & Sonic at the Olympic Games,,,,,,,,,
Final Fantasy X,Filipe,Filipe,,,,,,,
Final Fantasy VIII,,,,,,,,,
Pokémon Platinum Version,,,,,,,,,
Pac-Man,,,,,,,,,
Grand Theft Auto: Liberty City Stories,Filipe,,,,,,,,
Super Mario Galaxy 2,,,,,,,,,
Star Wars Battlefront (2015),,,,,,,,,
Call of Duty: Advanced Warfare,Filipe,,,,,,,,
The Legend of Zelda: Ocarina of Time,,,,,,,,,
Crash Bandicoot 2: Cortex Strikes Back,,,,,,,,,
Super Mario Bros. 2,,,,,,,,,
Super Smash Bros. for Wii U and 3DS,,,,,,,,,
Call of Duty: World at War,,,,,,,,,
Battlefield 3,Filipe,Filipe,,,,,,,
The Legend of Zelda: Twilight Princess,,,,,,,,,
Call of Duty: Black Ops 3,,,,,,,,,
Just Dance,,,,,,,,,
Battlefield 3,,,,,,,,,
Need for Speed Underground,Pedro,,,,,,,,
Tekken 3,,,,,,,,,
Crash Bandicoot 3: Warped,,,,,,,,,
Super Smash Bros. Melee,,,,,,,,,
Mario Kart 8,,,,,,,,,
Fallout 4,,,,,,,,,
Mario Kart: Double Dash!!,,,,,,,,,
Just Dance 4,,,,,,,,,
FIFA 14,,,,,,,,,
Need for Speed Underground 2,,,,,,,,,
Medal of Honor: Frontline,,,,,,,,,
Uncharted 3: Drake's Deception,,,,,,,,,
Crash Bandicoot,,,,,,,,,
Zumba Fitness,,,,,,,,,
Gears of War 2,,,,,,,,,
Uncharted 2: Among Thieves,,,,,,,,,
Call of Duty 4: Modern Warfare,Pedro,,,,,,,,
FIFA 12,,,,,,,,,
Big Brain Academy,,,,,,,,,
Red Dead Redemption,,,,,,,,,
FIFA 15,,,,,,,,,
Donkey Kong Country Returns,,,,,,,,,
The Elder Scrolls V: Skyrim,,,,,,,,,
The Legend of Zelda,,,,,,,,,
Assassin's Creed III,Pedro,,,,,,,,
Halo: Combat Evolved,,,,,,,,,
Pokémon Emerald Version,,,,,,,,,
Kingdom Hearts,,,,,,,,,
Pokémon Crystal Version,,,,,,,,,
Halo 3: ODST,,,,,,,,,
Red Dead Redemption,,,,,,,,,
Super Mario Sunshine,,,,,,,,,
Street Fighter II: The World Warrior,,,,,,,,,
World of Warcraft,,,,,,,,,
Driver,,,,,,,,,
Kinect Sports,,,,,,,,,
Gears of War 3,,,,,,,,,
Gears of War,,,,,,,,,
Metal Gear Solid 2: Sons of Liberty,,,,,,,,,
Sonic the Hedgehog 2,,,,,,,,,
Metal Gear Solid 4: Guns of the Patriots,,,,,,,,,
Metal Gear Solid,,,,,,,,,
The Last of Us,,,,,,,,,
Final Fantasy XII,,,,,,,,,
LittleBigPlanet,Pedro,Pedro,,,,,,,
Dragon Quest IX: Sentinels of the Starry Skies,,,,,,,,,
LEGO Star Wars: The Complete Saga,,,,,,,,,
Resident Evil 2,,,,,,,,,
Tekken 2,,,,,,,,,
Cooking Mama,,,,,,,,,
Destiny,,,,,,,,,
Tetris,,,,,,,,,
Assassin's Creed II,,,,,,,,,
Super Smash Bros.,Pedro,,,,,,,,
Assassin's Creed,,,,,,,,,
Batman: Arkham City,,,,,,,,,
Forza Motorsport 3,,,,,,,,,
Monster Hunter Freedom Unite,,,,,,,,,
Super Mario Advance,,,,,,,,,
Mario Kart: Super Circuit,,,,,,,,,
Super Mario World,,,,,,,,,
Pokemon Stadium,,,,,,,,,
Call of Duty: World at War,,,,,,,,,
Crash Bandicoot: The Wrath of Cortex,,,,,,,,,
Minecraft,,,,,,,,,
Final Fantasy XIII,,,,,,,,,
Dr. Mario,,,,,,,,,
Pokemon Pinball,,,,,,,,,
Assassin's Creed III,,,,,,,,,
Final Fantasy IX,,,,,,,,,
Final Fantasy X-2,,,,,,,,,
Donkey Kong 64,,,,,,,,,
Assassin's Creed II,,,,,,,,,
Professor Layton and the Curious Village,,,,,,,,,
Tomb Raider II,,,,,,,,,
Madden NFL 2004,,,,,,,,,
Dragon Quest VIII: Journey of the Cursed King,,,,,,,,,
Diablo III,,,,,,,,,
Super Mario Bros. 3,,,,,,,,,
New Super Mario Bros. U,,,,,,,,,
Super Mario Land 3: Wario Land,,,,,,,,,
FIFA Soccer 13,,,,,,,,,
The Legend of Zelda: Phantom Hourglass,,,,,,,,,
Donkey Kong Country 2: Diddy's Kong Quest,,,,,,,,,
Tomodachi Life,,,,,,,,,
Mario & Sonic at the Olympic Games,Joao,,,,,,,,
Medal of Honor: Rising Sun,,,,,,,,,
Kirby's Dream Land,,,,,,,,,
Fable III,,,,,,,,,
Call of Duty: Advanced Warfare,Joao,,,,,,,,
Microsoft Flight Simulator,,,,,,,,,
Guitar Hero II,,,,,,,,,
Resident Evil 5,,,,,,,,,
Grand Theft Auto V,,,,,,,,,
Grand Theft Auto: Vice City Stories,,,,,,,,,
FIFA Soccer 11,,,,,,,,,
Super Mario Bros.,,,,,,,,,
Resident Evil,,,,,,,,,
Tony Hawk's Pro Skater,,,,,,,,,
Super Smash Bros. for Wii U and 3DS,,,,,,,,,
Warzone 2100,,,,,,,,,
Spyro the Dragon,,,,,,,,,
Link's Crossbow Training,,,,,,,,,
Guitar Hero III: Legends of Rock,,,,,,,,,
Fallout 3,,,,,,,,,
Pokemon Mystery Dungeon: Explorers of Time/Explorers of Darkness,,,,,,,,,
Uncharted: Drake's Fortune,Joao,Joao,,,,,,,
Madden NFL 06,,,,,,,,,
LEGO Star Wars: The Complete Saga,,,,,,,,,
Diddy Kong Racing,,,,,,,,,
Monster Hunter Freedom 3,,,,,,,,,
Dr. Mario,,,,,,,,,
God of War III,,,,,,,,,
StarCraft II: Wings of Liberty,,,,,,,,,
Assassin's Creed,,,,,,,,,
FIFA 15,,,,,,,,,
Crash Team Racing,,,,,,,,,
FIFA 17,,,,,,,,,
Batman: Arkham City,,,,,,,,,
Driver 2,Joao,,,,,,,,
The Simpsons: Hit & Run,,,,,,,,,
Tony Hawk's Pro Skater 2,,,,,,,,,
Animal Crossing: City Folk,,,,,,,,,
The Lord of the Rings: The Two Towers,,,,,,,,,
Forza Motorsport 4,,,,,,,,,
Tomb Raider,,,,,,,,,
Guitar Hero III: Legends of Rock,,,,,,,,,
The Legend of Zelda: A Link to the Past,,,,,,,,,
The Legend of Zelda: The Wind Waker,,,,,,,,,
Mario & Sonic at the Olympic Winter Games,,,,,,,,,
Luigi's Mansion: Dark Moon,,,,,,,,,
Splatoon,,,,,,,,,
The Last of Us,,,,,,,,,
Guitar Hero III: Legends of Rock,,,,,,,,,
Madden NFL 2005,,,,,,,,,
Pitfall!,,,,,,,,,
Madden NFL 07,,,,,,,,,
Spider-Man: The Movie,,,,,,,,,
Dragon Quest VII: Warriors of Eden,,,,,,,,,
Uncharted: The Nathan Drake Collection,,,,,,,,,
Call of Duty: Advanced Warfare,,,,,,,,,
God of War,,,,,,,,,
Nintendo Land,,,,,,,,,
Michael Jackson: The Experience,,,,,,,,,
Tony Hawk's Pro Skater 3,,,,,,,,,
Winning Eleven: Pro Evolution Soccer 2007,,,,,,,,,
The Elder Scrolls IV: Oblivion,,,,,,,,,
Zelda II: The Adventure of Link,,,,,,,,,
Need for Speed: Most Wanted,,,,,,,,,
Resistance: Fall of Man,,,,,,,,,
Sonic the Hedgehog,,,,,,,,,
Kingdom Hearts II,,,,,,,,,
FIFA 14,,,,,,,,,
Call of Duty: Advanced Warfare,,,,,,,,,
Asteroids,,,,,,,,,
Fable II,,,,,,,,,
Halo 5: Guardians,,,,,,,,,
Super Mario 3D World,,,,,,,,,
Batman: Arkham Asylum,Joao,Joao,,,,,,,
Assassin's Creed: Revelations,,,,,,,,,
Namco Museum,,,,,,,,,
Metal Gear Solid 3: Snake Eater,,,,,,,,,
Daxter,,,,,,,,,
Warcraft II: Tides of Darkness,,,,,,,,,
The Legend of Zelda: Ocarina of Time,,,,,,,,,
FIFA Soccer 06,,,,,,,,,
EyeToy Play,,,,,,,,,
Uncharted 4: A Thief's End,Joao,,,,,,,,
Gran Turismo 5 Prologue,,,,,,,,,
Assassin's Creed: Revelations,,,,,,,,,
Street Fighter IV,,,,,,,,,
FIFA 12,,,,,,,,,
Teenage Mutant Ninja Turtles,,,,,,,,,
Excitebike,,,,,,,,,
Frogger,,,,,,,,,
Madden NFL 2003,,,,,,,,,
Watch Dogs,,,,,,,,,
Half-Life,,,,,,,,,
Super Mario World 2: Yoshi's Island,,,,,,,,,
FIFA Soccer 07,,,,,,,,,
The Legend of Zelda: Skyward Sword,,,,,,,,,
Street Fighter II Turbo,,,,,,,,,
Carnival Games,,,,,,,,,
Fallout 4,,,,,,,,,
World of Warcraft: The Burning Crusade,,,,,,,,,
Fallout: New Vegas,,,,,,,,,
God of War II,,,,,,,,,
Forza Motorsport 2,,,,,,,,,
World Soccer Winning Eleven 9,,,,,,,,,
Namco Museum Vol.3,,,,,,,,,
Tekken Tag Tournament,,,,,,,,,
Far Cry 4,,,,,,,,,
Star Fox 64,,,,,,,,,
Minecraft,,,,,,,,,
Golf,,,,,,,,,
Fallout 3,,,,,,,,,
Professor Layton and the Diabolical Box,,,,,,,,,
Left 4 Dead 2,,,,,,,,,
Namco Museum: 50th Anniversary,,,,,,,,,
EA Sports Active,,,,,,,,,
Assassin's Creed: Unity,,,,,,,,,
Donkey Kong Land,,,,,,,,,
Tony Hawk's Underground,,,,,,,,,
Assassin's Creed IV: Black Flag,,,,,,,,,
Monster Hunter 4 Ultimate,,,,,,,,,
MotorStorm,,,,,,,,,
The Elder Scrolls V: Skyrim,,,,,,,,,
Tekken 5,Joao,Joao,,,,,,,
Dragon Warrior III,,,,,,,,,
Sports Champions,,,,,,,,,
NBA 2K16,,,,,,,,,
World Soccer Winning Eleven 8 International,,,,,,,,,
Flash Focus: Vision Training in Minutes a Day,,,,,,,,,
Namco Museum Vol.1,,,,,,,,,
The Legend of Zelda: Link's Awakening,,,,,,,,,
Mario & Luigi: Bowser's Inside Story,Joao,,,,,,,,
Big Brain Academy: Wii Degree,,,,,,,,,
Nintendogs + cats,,,,,,,,,
Batman: Arkham Knight,,,,,,,,,
Mario & Sonic at the London 2012 Olympic Games,,,,,,,,,
LEGO Indiana Jones: The Original Adventures,,,,,,,,,
Resident Evil Director's Cut,Joao,,,,,,,,
Ratchet & Clank: Size Matters,,,,,,,,,
Just Dance 2014,,,,,,,,,
The Sims: Unleashed,,,,,,,,,
Super Paper Mario,,,,,,,,,
Harry Potter and the Sorcerer's Stone,,,,,,,,,
The Witcher 3: Wild Hunt,,,,,,,,,
Resident Evil 3: Nemesis,,,,,,,,,
Spyro: Year of the Dragon,,,,,,,,,
FIFA Soccer 2005,,,,,,,,,
Pokémon Trading Card Game,,,,,,,,,
Battlefield 4,,,,,,,,,
MySims,,,,,,,,,
Friend Collection,,,,,,,,,
Tony Hawk's Pro Skater 4,,,,,,,,,
Midnight Club 3: DUB Edition,,,,,,,,,
Banjo-Kazooie,,,,,,,,,
SOCOM: U.S. Navy SEALs,,,,,,,,,
Guitar Hero: World Tour,,,,,,,,,
Gran Turismo 6,,,,,,,,,
Jak and Daxter: The Precursor Legacy,,,,,,,,,
Pokemon Snap,,,,,,,,,
FIFA Soccer 10,,,,,,,,,
Pro Evolution Soccer 2008,,,,,,,,,
Call of Duty: Ghosts,,,,,,,,,
Resident Evil 4,,,,,,,,,
Tom Clancy's The Division,,,,,,,,,
Star Wars: Battlefront,,,,,,,,,
Doom II: Hell on Earth,,,,,,,,,
The Simpsons: Road Rage,,,,,,,,,
Cooking Mama 2: Dinner With Friends,,,,,,,,,
Luigi's Mansion,,,,,,,,,
Star Wars: Battlefront II,,,,,,,,,
WWF SmackDown!,,,,,,,,,
Croc: Legend of the Gobbos,,,,,,,,,
Grand Theft Auto: Liberty City Stories,,,,,,,,,
The Getaway,,,,,,,,,
Tomb Raider III: Adventures of Lara Croft,,,,,,,,,
James Bond 007: Agent Under Fire,,,,,,,,,
LEGO Star Wars: The Video Game,,,,,,,,,
Battlefield 4,,,,,,,,,
FIFA Soccer 11,,,,,,,,,
Rugrats in Paris: The Movie,,,,,,,,,
Spyro 2: Ripto's Rage!,,,,,,,,,
Left 4 Dead,,,,,,,,,
Mario & Sonic at the Olympic Winter Games,,,,,,,,,
Resident Evil 5,,,,,,,,,
Donkey Kong Country 3: Dixie Kong's Double Trouble!,,,,,,,,,
Assassin's Creed: Brotherhood,,,,,,,,,
Kung Fu,,,,,,,,,
Batman: Arkham Asylum,,,,,,,,,
Clubhouse Games,,,,,,,,,
FIFA Soccer 2004,Joao,,,,,,,,
Star Wars Battlefront (2015),,,,,,,,,
Battlefield: Bad Company 2,,,,,,,,,
Guitar Hero: On Tour,,,,,,,,,
Assassin's Creed: Unity,,,,,,,,,
Far Cry 3,,,,,,,,,
Monster Hunter 4,,,,,,,,,
Borderlands,,,,,,,,,
Tekken 4,Joao,Joao,,,,,,,
Battlefield 4,,,,,,,,,
LittleBigPlanet 2,,,,,,,,,
Grand Theft Auto 2,,,,,,,,,
Final Fantasy III,,,,,,,,,
Spider-Man 2,,,,,,,,,
F-1 Race,,,,,,,,,
FIFA Soccer 2003,,,,,,,,,
Crash Bash,,,,,,,,,
LEGO Batman: The Videogame,,,,,,,,,
Metal Gear Solid V: The Phantom Pain,,,,,,,,,
The Legend of Zelda: Spirit Tracks,,,,,,,,,
WWF War Zone,,,,,,,,,
The Legend of Zelda: Majora's Mask,,,,,,,,,
Professor Layton and the Unwound Future,,,,,,,,,
Rugrats: Search For Reptar,,,,,,,,,
Assassin's Creed IV: Black Flag,,,,,,,,,
English Training: Have Fun Improving Your Skills!,,,,,,,,,
James Bond 007: Nightfire,,,,,,,,,
Ratchet & Clank,,,,,,,,,
Mario Party 9,,,,,,,,,
Star Wars Episode III: Revenge of the Sith,,,,,,,,,
Max Payne,,,,,,,,,
The Lord of the Rings: The Return of the King,,,,,,,,,
Assassin's Creed Syndicate,,,,,,,,,
Destiny,,,,,,,,,
True Crime: Streets of LA,,,,,,,,,
Wii Music,,,,,,,,,
Gran Turismo (PSP),,,,,,,,,
Monster Hunter X,,,,,,,,,
Tekken,,,,,,,,,
FIFA 16,,,,,,,,,
L.A. Noire,,,,,,,,,
Madden NFL 16,,,,,,,,,
Yokai Watch 2 Ganso/Honke,,,,,,,,,
007: Tomorrow Never Dies,,,,,,,,,
Baseball,,,,,,,,,
Killer Instinct,Goncalo,Goncalo,,,,,,,
WWF SmackDown! 2: Know Your Role,,,,,,,,,
Crisis Core: Final Fantasy VII,,,,,,,,,
God of War: Chains of Olympus,,,,,,,,,
Dragon Quest VI: Maboroshi no Daichi,,,,,,,,,
Dance Central,,,,,,,,,
Enter the Matrix,,,,,,,,,
Super Mario Maker,,,,,,,,,
Fallout: New Vegas,,,,,,,,,
LEGO Batman: The Videogame,,,,,,,,,
Rhythm Heaven,,,,,,,,,
Ace Combat 04: Shattered Skies,,,,,,,,,
Club Penguin: Elite Penguin Force,,,,,,,,,
Animal Crossing,,,,,,,,,
LEGO Batman: The Videogame,,,,,,,,,
Sonic Rush,,,,,,,,,
Resident Evil 6,,,,,,,,,
Halo: The Master Chief Collection,,,,,,,,,
FIFA Soccer 08,,,,,,,,,
Spider-Man,,,,,,,,,
Need for Speed III: Hot Pursuit,,,,,,,,,
Star Wars Episode I Racer,,,,,,,,,
Personal Trainer: Cooking,,,,,,,,,
The Elder Scrolls IV: Oblivion,,,,,,,,,
Dragon Warrior IV,,,,,,,,,
Heavy Rain,,,,,,,,,
Mass Effect 2,,,,,,,,,
FIFA 15,,,,,,,,,
Dragon Ball Z: Budokai,,,,,,,,,
Madden NFL 2002,,,,,,,,,
World Class Track Meet,Goncalo,Goncalo,,,,,,,
Borderlands 2,,,,,,,,,
The Legend of Zelda: A Link Between Worlds,,,,,,,,,
Donkey Kong,,,,,,,,,
The Sims: Vacation,,,,,,,,,
Mass Effect 3,,,,,,,,,
Kung Fu Panda,,,,,,,,,
Far Cry 3,,,,,,,,,
Epic Mickey,,,,,,,,,
Saints Row 2,,,,,,,,,
Rayman,,,,,,,,,
Killzone 2,,,,,,,,,
Tom Clancy's Splinter Cell,,,,,,,,,
Mike Tyson's Punch-Out!!,,,,,,,,,
WWE SmackDown! Shut Your Mouth,,,,,,,,,
Gears of War: Ultimate Edition,,,,,,,,,
NBA 2K13,,,,,,,,,
Dragon Ball Z: Budokai Tenkaichi 3,,,,,,,,,
wwe Smackdown vs. Raw 2006,,,,,,,,,
Middle-Earth: Shadow of Mordor,,,,,,,,,
Star Fox,,,,,,,,,
The Sims: Livin Large,,,,,,,,,
World Soccer Winning Eleven 6 International,,,,,,,,,
Devil May Cry,,,,,,,,,
Animal Crossing: Happy Home Designer,,,,,,,,,
Battlefield: Bad Company 2,,,,,,,,,
The Sims 4,,,,,,,,,
Star Wars: The Old Republic,,,,,,,,,
Sonic Heroes,,,,,,,,,
Kirby Super Star Ultra,,,,,,,,,
Hitman 2: Silent Assassin,Goncalo,,,,,,,,
Street Fighter IV,,,,,,,,,
Wave Race 64,,,,,,,,,
SOCOM II: U.S. Navy SEALs,,,,,,,,,
WWE SmackDown! vs. RAW 2006,,,,,,,,,
inFAMOUS,,,,,,,,,
Pac-Man Collection,,,,,,,,,
Mass Effect,,,,,,,,,
WarioWare: Smooth Moves,,,,,,,,,
Cooking Mama: Cook Off,,,,,,,,,
Super Mario World 2: Yoshi's Island,,,,,,,,,
FIFA 14,,,,,,,,,
Titanfall,,,,,,,,,
Sonic Mega Collection Plus,,,,,,,,,
Sega Superstars Tennis,,,,,,,,,
World Soccer Winning Eleven 7 International,,,,,,,,,
Need for Speed: Most Wanted,,,,,,,,,
Hot Shots Golf 3,,,,,,,,,
Call of Duty: Finest Hour,,,,,,,,,
Zumba Fitness 2,,,,,,,,,
Syphon Filter,,,,,,,,,
Imagine: Babyz,,,,,,,,,
Colin McRae Rally,,,,,,,,,
Call of Duty: Ghosts,,,,,,,,,
Madden NFL 13,,,,,,,,,
The Elder Scrolls III: Morrowind,,,,,,,,,
Mortal Kombat,,,,,,,,,
F-Zero,,,,,,,,,
Yoshi's Story,,,,,,,,,
Command & Conquer: Red Alert,,,,,,,,,
Skylanders: Spyro's Adventure,,,,,,,,,
FIFA 16,,,,,,,,,
Assassin's Creed: Brotherhood,,,,,,,,,
BioShock,,,,,,,,,
Madden NFL 10,,,,,,,,,
Medal of Honor,Goncalo,,,,,,,,
WWE SmackDown! vs. Raw,,,,,,,,,
Metroid Prime,,,,,,,,,
Finding Nemo,,,,,,,,,
Myst,,,,,,,,,
Need for Speed: Hot Pursuit,,,,,,,,,
Imagine: Fashion Designer,,,,,,,,,
WWE SmackDown! Here Comes the Pain,,,,,,,,,
Star Wars: The Force Unleashed,,,,,,,,,
Yoshi's Island DS,,,,,,,,,
Hot Shots Golf,,,,,,,,,
Killzone 3,,,,,,,,,
A Bug's Life,,,,,,,,,
WWF SmackDown! Just Bring It,,,,,,,,,
Dragon Quest V: Tenkuu no Hanayome,,,,,,,,,
Mortal Kombat Trilogy,,,,,,,,,
Battlefield 3,,,,,,,,,
NBA Street,,,,,,,,,
Professor Layton and the Last Specter,,,,,,,,,
Monster Hunter Tri,,,,,,,,,
Jak II,,,,,,,,,
inFAMOUS: Second Son,,,,,,,,,
Ratchet & Clank: Going Commando,,,,,,,,,
Tekken 6,,,,,,,,,
The Sims,,,,,,,,,
Sonic and the Secret Rings,,,,,,,,,
Saints Row: The Third,,,,,,,,,
Missile Command,,,,,,,,,
Mario Paint,,,,,,,,,
Assassin's Creed IV: Black Flag,,,,,,,,,
Pokémon Stadium 2,,,,,,,,,
Metroid,,,,,,,,,
L.A. Noire,,,,,,,,,
Call of Duty 3,,,,,,,,,
The Legend of Zelda: A Link to the Past,,,,,,,,,
Onimusha: Warlords,,,,,,,,,
Mortal Kombat X,,,,,,,,,
Mario Party,,,,,,,,,
Madden NFL 12,,,,,,,,,
LEGO Star Wars II: The Original Trilogy,,,,,,,,,
Madden NFL 11,,,,,,,,,
Mario vs. Donkey Kong: Mini-Land Mayhem!,Goncalo,Goncalo,,,,,,,
Skate 3,,,,,,,,,
Burnout 3: Takedown,,,,,,,,,
Yokai Watch 2 Shinuchi,,,,,,,,,
Need for Speed: Shift,,,,,,,,,
Final Fantasy XIII-2,,,,,,,,,
Mortal Kombat,,,,,,,,,
Call Of Duty 2: Big Red One,,,,,,,,,
Guitar Hero: World Tour,,,,,,,,,
Medal of Honor,,,,,,,,,
Fable,,,,,,,,,
Hannah Montana,,,,,,,,,
Tom Clancy's Splinter Cell,,,,,,,,,
Skylanders Giants,,,,,,,,,
Medal of Honor Heroes,,,,,,,,,
Super Mario Bros.: The Lost Levels,,,,,,,,,
Star Wars: Shadows of the Empire,,,,,,,,,
LEGO Star Wars: The Complete Saga,,,,,,,,,
Midnight Club: Street Racing,,,,,,,,,
Pac-Man: Adventures in Time,,,,,,,,,
Halo Wars,,,,,,,,,
God of War Collection,,,,,,,,,
ESPN NFL 2K5,,,,,,,,,
Mario Strikers Charged,,,,,,,,,
Medal of Honor,,,,,,,,,
FIFA Soccer 10,,,,,,,,,
NBA 2K12,,,,,,,,,
Style Savvy,,,,,,,,,
Harry Potter and the Chamber of Secrets,,,,,,,,,
Super Mario All-Stars: Limited Edition,,,,,,,,,
Streets of Rage,,,,,,,,,
FIFA Soccer 09,,,,,,,,,
Ratchet & Clank Future: Tools of Destruction,,,,,,,,,
NBA Live 2005,,,,,,,,,
LittleBigPlanet,,,,,,,,,
Killzone: Shadow Fall,,,,,,,,,
Ghostbusters: The Video Game (DS Version),,,,,,,,,
Monster Hunter Freedom 2,,,,,,,,,
WWE SmackDown vs. RAW 2007,,,,,,,,,
Ratchet & Clank: Up Your Arsenal,,,,,,,,,
Art Academy,,,,,,,,,
Dragon Age: Origins,,,,,,,,,
Madden NFL 08,,,,,,,,,
Sonic Adventure 2 Battle,,,,,,,,,
Dragon Warrior II,,,,,,,,,
Madden NFL 13,,,,,,,,,
Pokémon Colosseum,,,,,,,,,
Deca Sports,,,,,,,,,
Madden NFL 09,,,,,,,,,
Space Invaders,,,,,,,,,
Crazy Taxi,,,,,,,,,
Perfect Dark,,,,,,,,,
Game Party,,,,,,,,,
Dragon Warrior,,,,,,,,,
Tomb Raider (2013),,,,,,,,,
Marvel: Ultimate Alliance,,,,,,,,,
PES 2009: Pro Evolution Soccer,,,,,,,,,
Mario Party 2,,,,,,,,,
Saints Row: The Third,,,,,,,,,
Rockstar Games Double Pack: Grand Theft Auto III & Grand Theft Auto Vice City,,,,,,,,,
LEGO Harry Potter: Years 1-4,,,,,,,,,
Mortal Kombat: Deadly Alliance,,,,,,,,,
Resistance 2,,,,,,,,,
Pure,,,,,,,,,
Tomb Raider: The Last Revelation,,,,,,,,,
NBA 2K13,,,,,,,,,
Rock Band,Goncalo,Goncalo,,,,,,,
NBA 2K14,,,,,,,,,
Mario Party 4,,,,,,,,,
uDraw Studio,,,,,,,,,
Midnight Club: Los Angeles,,,,,,,,,
Final Fantasy V,,,,,,,,,
Final Fantasy Tactics,,,,,,,,,
Twisted Metal 2,,,,,,,,,
Halo: Combat Evolved Anniversary,,,,,,,,,
Need for Speed Carbon: Own the City,,,,,,,,,
The Sims: Bustin' Out,,,,,,,,,
Riven: The Sequel to Myst,,,,,,,,,
Tom Clancy's Rainbow Six: Vegas 2,,,,,,,,,
Sonic Adventure,,,,,,,,,
Ice Hockey,,,,,,,,,
pro evolution soccer 2011,,,,,,,,,
Dragon Ball Z: Budokai 2,,,,,,,,,
ATV Offroad Fury,,,,,,,,,
Dino Crisis,,,,,,,,,
Minecraft,,,,,,,,,
Need for Speed: ProStreet,,,,,,,,,
Madden NFL 16,,,,,,,,,
Tetris Plus,,,,,,,,,
Pro Wrestling,,,,,,,,,
Theme Hospital,,,,,,,,,
Frogger's Adventures: Temple of the Frog,,,,,,,,,
Need for Speed (2015),,,,,,,,,
Zumba Fitness,,,,,,,,,
LEGO Indiana Jones: The Original Adventures,,,,,,,,,
Monopoly,,,,,,,,,
Batman: Arkham Origins,,,,,,,,,
Dead Island,,,,,,,,,
Guitar Hero,,,,,,,,,
LEGO Star Wars: The Complete Saga,,,,,,,,,
Kinect: Disneyland Adventures,,,,,,,,,
WCW/nWo Revenge,,,,,,,,,
Bloodborne,,,,,,,,,
NBA 2K15,,,,,,,,,
Madden NFL 11,,,,,,,,,
Yu-Gi-Oh! The Duelists of the Roses,,,,,,,,,
Madden NFL 08,,,,,,,,,
Half-Life 2,,,,,,,,,
The Incredibles,,,,,,,,,
Tony Hawk's Underground 2,,,,,,,,,
Madden NFL 10,,,,,,,,,
Kinect Sports: Season Two,,,,,,,,,
Kirby's Dream Land 2,Goncalo,,,,,,,,
LEGO Harry Potter: Years 1-4,,,,,,,,,
Donkey Kong Land II,,,,,,,,,
Dragon Warrior Monsters,,,,,,,,,
Midnight Club: Los Angeles,,,,,,,,,
Skylanders SWAP Force,,,,,,,,,
WWE SmackDown vs Raw 2008,,,,,,,,,
My Fitness Coach,,,,,,,,,
Resident Evil - Code: Veronica X,,,,,,,,,
The Sims 3,,,,,,,,,
The Legend of Zelda: Majora's Mask 3D,,,,,,,,,
NBA 2K16,,,,,,,,,
Just Dance Kids,,,,,,,,,
Mario Tennis,,,,,,,,,
Grand Theft Auto,,,,,,,,,
James Bond 007: Everything or Nothing,,,,,,,,,
WarioWare Touched!,,,,,,,,,
Need For Speed: High Stakes,,,,,,,,,
Chrono Trigger,,,,,,,,,
Cool Boarders 3,,,,,,,,,
LEGO Marvel Super Heroes,,,,,,,,,
Guild Wars 2,,,,,,,,,
Pokemon Ranger: Shadows of Almia,,,,,,,,,
Dead Island,,,,,,,,,
Tomb Raider II,,,,,,,,,
God of War: Ascension,,,,,,,,,
Need for Speed Underground 2,,,,,,,,,
Pro Evolution Soccer 2010,,,,,,,,,
Just Dance 2015,,,,,,,,,
Yokai Watch Busters,,,,,,,,,
Mario Bros.,,,,,,,,,
FIFA Soccer 09,,,,,,,,,
Star Wars: The Force Unleashed,,,,,,,,,
Borderlands 2,,,,,,,,,
TOCA Touring Car Championship,,,,,,,,,
Paper Mario: Sticker Star,,,,,,,,,
Sonic's Ultimate Genesis Collection,,,,,,,,,
Super Monkey Ball: Banana Blitz,,,,,,,,,
Kirby: Nightmare in Dream Land,,,,,,,,,
Wario Land 4,,,,,,,,,
Guitar Hero III: Legends of Rock,,,,,,,,,
Call of Duty 3,,,,,,,,,
Resident Evil 4,,,,,,,,,
Minecraft,,,,,,,,,
Onimusha 2: Samurai's Destiny,,,,,,,,,
Cool Boarders 2,,,,,,,,,
Paper Mario: The Thousand-Year Door,,,,,,,,,
Madden NFL 12,,,,,,,,,
Monster Hunter Tri,,,,,,,,,
Dissidia: Final Fantasy,,,,,,,,,
Sonic Advance,,,,,,,,,
Spyro: Season of Ice,,,,,,,,,
Teenage Mutant Ninja Turtles II: The Arcade Game,,,,,,,,,
LEGO Indiana Jones: The Original Adventures,,,,,,,,,
Dance Dance Revolution X2,,,,,,,,,
New Super Luigi U,,,,,,,,,
Prince of Persia: The Sands of Time,,,,,,,,,
Scribblenauts,,,,,,,,,
The Legend of Zelda: Link's Awakening DX,,,,,,,,,
Need for Speed: Hot Pursuit,,,,,,,,,
BioShock 2,,,,,,,,,
Assassin's Creed IV: Black Flag,,,,,,,,,
Devil May Cry 3: Dante's Awakening Special Edition,,,,,,,,,
Rock Band 2,,,,,,,,,
Frogger,,,,,,,,,
Guitar Hero II,,,,,,,,,
Wario Land 3,,,,,,,,,
Pro Yakyuu Family Stadium,,,,,,,,,
Sonic Unleashed,,,,,,,,,
High School Musical: Makin' the Cut!,,,,,,,,,
Pro Evolution Soccer 2012,,,,,,,,,
Saints Row,,,,,,,,,
Star Wars: Knights of the Old Republic,,,,,,,,,
Kirby's Pinball Land,,,,,,,,,
Donkey Kong Country,,,,,,,,,
Hitman: Absolution,,,,,,,,,
Yu-Gi-Oh: Duel Monsters 4,,,,,,,,,
ATV Offroad Fury 2,,,,,,,,,
Forza Motorsport 5,,,,,,,,,
Madden NFL 25,,,,,,,,,
Pokemon Ranger,,,,,,,,,
Mario & Luigi: Superstar Saga,,,,,,,,,
Final Fantasy XIII,,,,,,,,,
Star Wars: Rogue Squadron,,,,,,,,,
Tennis,,,,,,,,,
The Sims: House Party,,,,,,,,,
Your Shape featuring Jenny McCarthy,,,,,,,,,
Syphon Filter 2,,,,,,,,,
Tom Clancy's Rainbow Six: Siege,,,,,,,,,
Volleyball,,,,,,,,,
FIFA 15,Goncalo,Goncalo,,,,,,,
Call of Duty: Roads to Victory,,,,,,,,,
Super Mario RPG: Legend of the Seven Stars,,,,,,,,,
Mahjong,,,,,,,,,
R.C. Pro-Am,,,,,,,,,
SimCity 2000,,,,,,,,,
Demon Attack,,,,,,,,,
Dance Dance Revolution Extreme,,,,,,,,,
Tetris DS,,,,,,,,,
Final Fantasy Tactics Advance,,,,,,,,,
Far Cry: Primal,,,,,,,,,
Toy Story 3: The Video Game,,,,,,,,,
Final Fantasy III,,,,,,,,,
Kirby's Epic Yarn,,,,,,,,,
Project Gotham Racing,,,,,,,,,
Golf,,,,,,,,,
NBA 2K12,,,,,,,,,
Borderlands,,,,,,,,,
Tony Hawk's Pro Skater,,,,,,,,,
PES 2009: Pro Evolution Soccer,,,,,,,,,
Need for Speed: Hot Pursuit 2,,,,,,,,,
Mario Sports Mix,,,,,,,,,
Rock Band,,,,,,,,,
Dynasty Warriors 4,,,,,,,,,
Mortal Kombat,,,,,,,,,
Parasite Eve,,,,,,,,,
Scooby-Doo! Night of 100 Frights,,,,,,,,,
Project Gotham Racing (JP weekly sales),,,,,,,,,
Need for Speed: Most Wanted 5-1-0,,,,,,,,,
Portal 2,,,,,,,,,
Devil May Cry 3: Dante's Awakening,,,,,,,,,
Derby Stallion,,,,,,,,,
Dead Rising,,,,,,,,,
Finding Nemo,,,,,,,,,
NBA 2K11,,,,,,,,,
Wipeout: The Game,,,,,,,,,
The Sims 2: Pets,,,,,,,,,
Battlefield: Hardline,,,,,,,,,
Metal Gear Solid: Peace Walker,,,,,,,,,
World of Warcraft: Cataclysm,,,,,,,,,
Tetris Worlds,,,,,,,,,
Need For Speed: Undercover,,,,,,,,,
Dance Dance Revolution: Hottest Party,,,,,,,,,
Mario Party 5,,,,,,,,,
Ghostbusters: The Video Game (DS Version),,,,,,,,,
Sim Theme Park,,,,,,,,,
Warcraft: Orcs & Humans,,,,,,,,,
Skate 3,,,,,,,,,
Spec Ops: Airborne Commando,,,,,,,,,
Kingdom Hearts: Birth by Sleep,,,,,,,,,
UFC 2009 Undisputed,,,,,,,,,
Dark Souls,,,,,,,,,
Yu-Gi-Oh! The Eternal Duelist Soul,,,,,,,,,
Need for Speed: ProStreet,,,,,,,,,
The Sims 3,,,,,,,,,
Tom Clancy's Splinter Cell: Conviction,,,,,,,,,
Pokemon Mystery Dungeon: Red/Blue Rescue Team,,,,,,,,,
The Incredibles,,,,,,,,,
R4: Ridge Racer Type 4,,,,,,,,,
SoulCalibur II,,,,,,,,,
Mario & Luigi: Dream Team,,,,,,,,,
Need for Speed: ProStreet,,,,,,,,,
Carnival Games,,,,,,,,,
NBA 2K14,,,,,,,,,
Pokémon Mystery Dungeon: Blue Rescue Team,,,,,,,,,
Sonic Mega Collection,,,,,,,,,
Diablo III,,,,,,,,,
NBA Jam,,,,,,,,,
PGR4 - Project Gotham Racing 4,,,,,,,,,
Kingdom Hearts 358/2 Days,,,,,,,,,
Dance Central 2,,,,,,,,,
Rayman Raving Rabbids: TV Party,,,,,,,,,
SOCOM: U.S. Navy SEALs: Combined Assault,,,,,,,,,
Peter Jackson's King Kong: The Official Game of the Movie,,,,,,,,,
Donkey Kong Country,,,,,,,,,
Need for Speed: The Run,,,,,,,,,
Madden NFL 15,,,,,,,,,
1080°: TenEighty Snowboarding,,,,,,,,,
Just Dance 3,,,,,,,,,
NBA Live 2004,,,,,,,,,
Dead Space,,,,,,,,,
Call of Duty 2,,,,,,,,,
Madden NFL 15,,,,,,,,,
Forza Horizon,,,,,,,,,
TouchMaster,,,,,,,,,
Tom Clancy's The Division,,,,,,,,,
LEGO Marvel Super Heroes,,,,,,,,,
Fire Emblem: Awakening,,,,,,,,,
DriveClub,,,,,,,,,
Super Street Fighter II,,,,,,,,,
Mortal Kombat vs. DC Universe,,,,,,,,,
Tenchu: Stealth Assassins,,,,,,,,,
Tennis,,,,,,,,,
Harry Potter and the Chamber of Secrets,,,,,,,,,
Harry Potter and the Chamber of Secrets,,,,,,,,,
SimCity,,,,,,,,,
Battlefield 4,,,,,,,,,
Resident Evil 6,,,,,,,,,
Dragon Age: Inquisition,,,,,,,,,
Sonic Classic Collection,,,,,,,,,
Spyro: Enter the Dragonfly,,,,,,,,,
Call of Duty: World at War,,,,,,,,,
Devil May Cry 2,,,,,,,,,
Burnout Paradise,Goncalo,,,,,,,,